State,Effective Date,Valid Through Date,Bans_Prohibit,Limited_Law,Limited_Court,Limited_AG,Prohibit_Req,Bans_gest_Any point in pregnancy,Bans_gest_Fetal heartbeat detected,Bans_gest_4 weeks postfertilization (6 weeks LMP) ,Bans_gest_6 weeks postfertilization (8 weeks LMP) ,Bans_gest_8 weeks postfertilization (10 weeks LMP),Bans_gest_10 weeks postfertilization (12 weeks LMP) ,Bans_gest_12 weeks postfertilization (14 weeks LMP),Bans_gest_13 weeks postfertilization (15 weeks LMP),Bans_gest_16 weeks postfertilization (18 weeks LMP) ,Bans_gest_18 weeks postfertilization (20 weeks LMP),Bans_gest_19 weeks postfertilization (21 weeks LMP),Bans_gest20 weeks postfertilization (22 weeks LMP),Bans_gest_21 weeks postfertilization (23 weeks LMP) ,Bans_gest_22 weeks postfertilization (24 weeks LMP),Bans_gest_24 weeks postfertilization (26 weeks LMP),Bans_gestViability,Bans_gest_Fetus is capable of feeling pain,Bans_gest_3rd trimester,Prohibit_ExcLife endangerment,Prohibit_ExcSerious health risk,Prohibit_Exc_Fetal anomaly,Prohibit_Exc_Rape,Prohibit_Exc_Incest,Prohibit_Exc_Health,Exc_Req_Must be performed in a hospital,Exc_ReqMust use a method most likely to result in fetal survival,Exc_Req_Second physician must participate,Exc_Req_Second physician must certify the exception,Exc_Req_Two other physicians must certify the exception,Exc_Req_Second physician must attend the abortion,Exc_Req_No requirements,Reason_Prohibit,Reason_What_Race,Reason_What_Sex,Reason_What_Down syndrome,Reason_What_Fetal anomaly,Reason_What_Fetal disability,Reason_What_Scientific research,Methods_Prohibit,Methods_ProcedPartial-birth abortions,Methods_ProcedDismemberment abortions,Methods_Proced_Saline method abortions,Methods_ExcLife endangerment,Methods_ExcSerious health risk,Methods_Exc_Fetal anomaly,Methods_Exc_No exceptions,TriggerBan,Bans_PreRoe
Alabama,12/1/2018,10/28/2019,1,1,1,0,1,0,0,0,0,0,0,0,0,0,0,0,1,0,0,0,1,0,0,1,1,0,0,0,0,0,1,0,0,0,0,0,0,.,.,.,.,.,.,1,1,1,0,1,1,0,0,0,1
Alabama,10/29/2019,11/14/2019,1,1,1,0,1,0,0,0,0,0,0,0,0,0,0,0,1,0,0,0,1,0,0,1,1,0,0,0,0,0,1,0,0,0,0,0,0,.,.,.,.,.,.,1,1,1,0,1,1,0,0,0,1
Alabama,11/15/2019,6/23/2022,1,1,1,0,1,1,0,0,0,0,0,0,0,0,0,0,1,0,0,0,1,0,0,1,1,0,0,0,0,1,1,0,1,0,1,0,0,.,.,.,.,.,.,1,1,1,0,1,1,0,0,0,1
Alabama,6/24/2022,11/1/2022,1,1,1,0,1,1,0,0,0,0,0,0,0,0,0,0,1,0,0,0,1,0,0,1,1,0,0,0,1,1,1,0,1,0,1,0,0,.,.,.,.,.,.,1,1,1,0,1,1,0,0,0,1
Alaska,12/1/2018,11/1/2022,1,1,1,0,0,.,.,.,.,.,.,.,.,.,.,.,.,.,.,.,.,.,.,.,.,.,.,.,.,.,.,.,.,.,.,.,0,.,.,.,.,.,.,1,1,0,0,0,0,0,1,0,0
Arizona,12/1/2018,9/27/2021,1,1,1,0,1,0,0,0,0,0,0,0,0,0,1,0,0,0,0,0,1,0,0,1,1,0,0,0,0,0,1,0,0,0,1,0,1,1,1,0,0,0,1,1,1,0,0,1,0,0,0,0,1
Arizona,9/28/2021,9/28/2021,1,1,1,0,1,0,0,0,0,0,0,0,0,0,1,0,0,0,0,0,1,0,0,1,1,0,0,0,0,0,0,0,0,0,0,1,1,1,1,0,0,0,0,1,1,0,0,1,0,0,0,0,1
Arizona,9/29/2021,6/23/2022,1,1,1,0,1,0,0,0,0,0,0,0,0,0,1,0,0,0,0,0,1,0,0,1,1,0,0,0,0,0,1,0,0,0,1,0,1,1,1,0,1,0,1,1,1,0,0,1,0,0,0,0,1
Arizona,6/24/2022,6/29/2022,1,1,1,0,1,1,0,0,0,0,0,0,0,0,1,0,0,0,0,0,1,0,0,1,1,0,0,0,0,0,1,0,0,0,1,0,1,1,1,0,1,0,1,1,1,0,0,1,0,0,0,0,1
Arizona,6/30/2022,7/10/2022,1,1,1,0,1,1,0,0,0,0,0,0,0,0,1,0,0,0,0,0,1,0,0,1,1,0,0,0,0,0,1,0,0,0,1,0,1,1,1,0,1,0,1,1,1,0,0,1,0,0,0,0,1
Arizona,7/11/2022,9/21/2022,1,1,1,0,1,1,0,0,0,0,0,0,0,0,1,0,0,0,0,0,1,0,0,1,1,0,0,0,0,0,1,0,0,0,1,0,1,1,1,0,1,0,1,1,1,0,0,1,0,0,0,0,1
Arizona,9/22/2022,9/23/2022,1,1,1,0,1,1,0,0,0,0,0,0,0,0,1,0,0,0,0,0,1,0,0,1,1,0,0,0,0,0,1,0,0,0,1,0,1,1,1,0,1,0,1,1,1,0,0,1,0,0,0,0,1
Arizona,9/24/2022,10/6/2022,1,1,1,0,1,1,0,0,0,0,0,0,1,0,1,0,0,0,0,0,1,0,0,1,1,0,0,0,0,0,1,0,0,0,1,0,1,1,1,0,1,0,1,1,1,0,0,1,0,0,0,0,1
Arizona,10/7/2022,11/1/2022,1,1,1,0,1,1,0,0,0,0,0,0,1,0,1,0,0,0,0,0,1,0,0,1,1,0,0,0,0,0,1,0,0,0,1,0,1,1,1,0,1,0,1,1,1,0,0,1,0,0,0,0,1
Arkansas,12/1/2018,7/22/2019,1,1,1,0,1,0,1,0,0,0,0,0,0,0,0,0,1,0,0,0,1,0,0,1,1,1,1,1,1,0,1,0,0,0,1,0,1,0,1,0,0,0,0,1,1,1,0,1,0,0,0,0,1
Arkansas,7/23/2019,7/23/2019,1,1,1,0,1,0,1,0,0,0,0,0,0,0,0,0,1,0,0,0,1,0,0,1,1,1,1,1,1,0,1,0,0,0,1,0,1,0,1,0,0,0,0,1,1,1,0,1,0,0,0,0,1
Arkansas,7/24/2019,8/5/2019,1,1,1,0,1,0,1,0,0,0,0,0,0,1,0,0,1,0,0,0,1,0,0,1,1,1,1,1,1,0,1,0,0,0,1,0,1,0,1,1,0,0,0,1,1,1,0,1,1,0,0,1,1
Arkansas,8/6/2019,8/6/2020,1,1,1,0,1,0,1,0,0,0,0,0,0,1,0,0,1,0,0,0,1,0,0,1,1,1,1,1,1,0,1,0,0,0,1,0,1,0,1,1,0,0,0,1,1,1,0,1,1,0,0,1,1
Arkansas,8/7/2020,1/4/2021,1,1,1,0,1,0,1,0,0,0,0,0,0,1,0,0,1,0,0,0,1,0,0,1,1,1,1,1,1,0,1,0,0,0,1,0,1,0,1,1,0,0,0,1,1,1,0,1,1,0,0,1,1
Arkansas,1/5/2021,7/19/2021,1,1,1,0,1,0,1,0,0,0,0,0,0,1,0,0,1,0,0,0,1,0,0,1,1,1,1,1,1,0,1,0,0,0,1,0,1,0,1,1,0,0,0,1,1,1,0,1,1,0,0,1,1
Arkansas,7/20/2021,7/27/2021,1,1,1,0,1,0,1,0,0,0,0,0,0,1,0,0,1,0,0,0,1,0,0,1,1,1,1,1,1,0,1,0,0,0,1,0,1,0,1,1,0,0,0,1,1,1,0,1,1,0,0,1,1
Arkansas,7/28/2021,6/23/2022,1,1,1,0,1,1,1,0,0,0,0,0,0,1,0,0,1,0,0,0,1,0,0,1,1,1,1,1,1,0,1,0,0,0,1,0,1,0,1,1,0,0,0,1,1,1,0,1,1,0,0,1,1
Arkansas,6/24/2022,6/29/2022,1,1,1,0,1,1,1,0,0,0,0,0,0,1,0,0,1,0,0,0,1,0,0,1,1,1,1,1,1,0,1,0,0,0,1,0,1,0,1,1,0,0,0,1,1,1,0,1,1,0,0,1,1
Arkansas,6/30/2022,7/11/2022,1,1,1,0,1,1,1,0,0,0,0,0,0,1,0,0,1,0,0,0,1,0,0,1,1,1,1,1,1,0,1,0,0,0,1,0,1,0,1,1,0,0,0,1,1,1,0,1,1,0,0,1,1
Arkansas,7/12/2022,7/12/2022,1,1,1,0,1,1,1,0,0,0,0,0,0,1,0,0,1,0,0,0,1,0,0,1,1,1,1,1,1,0,1,0,0,0,1,0,1,0,1,1,0,0,0,1,1,1,0,1,1,0,0,1,1
Arkansas,7/13/2022,7/25/2022,1,1,1,0,1,1,1,0,0,0,0,0,0,1,0,0,1,0,0,0,1,0,0,1,1,1,1,1,1,0,1,0,0,0,1,0,1,0,1,1,0,0,0,1,1,1,0,1,1,0,0,1,1
Arkansas,7/26/2022,9/18/2022,1,1,1,0,1,1,1,0,0,0,0,0,0,1,0,0,1,0,0,0,1,0,0,1,1,1,1,1,1,0,1,0,0,0,1,0,1,0,1,1,0,0,0,1,1,1,0,1,1,0,0,1,1
Arkansas,9/19/2022,11/1/2022,1,1,1,0,1,1,1,0,0,0,0,0,0,1,0,0,1,0,0,0,1,0,0,1,1,1,1,1,1,0,1,0,0,0,1,0,1,0,1,1,0,0,0,1,1,1,0,1,1,0,0,1,1
California,12/1/2018,11/1/2022,1,0,.,.,1,0,0,0,0,0,0,0,0,0,0,0,0,0,0,0,1,0,0,1,1,0,0,0,0,0,0,0,0,0,0,1,0,.,.,.,.,.,.,0,.,.,.,.,.,.,.,0,0
Colorado,12/1/2018,11/1/2022,0,.,.,.,.,.,.,.,.,.,.,.,.,.,.,.,.,.,.,.,.,.,.,.,.,.,.,.,.,.,.,.,.,.,.,.,.,.,.,.,.,.,.,.,.,.,.,.,.,.,.,.,.
Connecticut,12/1/2018,6/30/2022,1,0,.,.,1,0,0,0,0,0,0,0,0,0,0,0,0,0,0,0,1,0,1,1,0,0,0,0,1,1,0,0,0,0,0,0,0,.,.,.,.,.,.,0,.,.,.,.,.,.,.,0,0
Connecticut,7/1/2022,11/1/2022,1,0,.,.,1,0,0,0,0,0,0,0,0,0,0,0,0,0,0,0,1,0,1,1,0,0,0,0,1,1,0,0,0,0,0,0,0,.,.,.,.,.,.,0,.,.,.,.,.,.,.,0,0
Delaware,12/1/2018,9/16/2021,1,1,0,1,1,0,0,0,0,0,0,0,0,0,0,0,0,0,0,0,1,0,0,1,0,1,0,0,1,0,0,0,0,0,0,1,0,.,.,.,.,.,.,0,.,.,.,.,.,.,.,0,1
Delaware,9/17/2021,10/19/2021,1,0,.,.,1,0,0,0,0,0,0,0,0,0,0,0,0,0,0,0,1,0,0,1,0,1,0,0,1,0,0,0,0,0,0,1,0,.,.,.,.,.,.,0,.,.,.,.,.,.,.,0,0
Delaware,10/20/2021,4/27/2022,1,0,.,.,1,0,0,0,0,0,0,0,0,0,0,0,0,0,0,0,1,0,0,1,0,1,0,0,1,0,0,0,0,0,0,1,0,.,.,.,.,.,.,0,.,.,.,.,.,.,.,0,0
Delaware,4/28/2022,6/28/2022,1,0,.,.,1,0,0,0,0,0,0,0,0,0,0,0,0,0,0,0,1,0,0,1,0,1,0,0,1,0,0,0,0,0,0,1,0,.,.,.,.,.,.,0,.,.,.,.,.,.,.,0,0
Delaware,6/29/2022,11/1/2022,1,0,.,.,1,0,0,0,0,0,0,0,0,0,0,0,0,0,0,0,1,0,0,1,0,1,0,0,1,0,0,0,0,0,0,1,0,.,.,.,.,.,.,0,.,.,.,.,.,.,.,0,0
District of Columbia,12/1/2018,11/1/2022,0,.,.,.,.,.,.,.,.,.,.,.,.,.,.,.,.,.,.,.,.,.,.,.,.,.,.,.,.,.,.,.,.,.,.,.,.,.,.,.,.,.,.,.,.,.,.,.,.,.,.,.,.
Florida,12/1/2018,6/30/2020,1,1,1,0,1,0,0,0,0,0,0,0,0,0,0,0,0,0,0,0,1,0,1,1,1,0,0,0,0,1,1,0,1,0,0,0,0,.,.,.,.,.,.,1,1,0,0,1,0,0,0,0,0
Florida,7/1/2020,6/30/2022,1,1,1,0,1,0,0,0,0,0,0,0,0,0,0,0,0,0,0,0,1,0,1,1,1,0,0,0,0,1,1,0,1,0,0,0,0,.,.,.,.,.,.,1,1,0,0,1,0,0,0,0,0
Florida,7/1/2022,7/4/2022,1,1,1,0,1,0,0,0,0,0,0,0,1,0,0,0,0,0,0,0,1,0,0,1,1,1,0,0,0,1,1,0,1,0,0,0,0,.,.,.,.,.,.,1,1,0,0,1,0,0,0,0,0
Florida,7/5/2022,7/5/2022,1,1,1,0,1,0,0,0,0,0,0,0,1,0,0,0,0,0,0,0,1,0,0,1,1,1,0,0,0,1,1,0,1,0,0,0,0,.,.,.,.,.,.,1,1,0,0,1,0,0,0,0,0
Florida,7/6/2022,11/1/2022,1,1,1,0,1,0,0,0,0,0,0,0,1,0,0,0,0,0,0,0,1,0,0,1,1,1,0,0,0,1,1,0,1,0,0,0,0,.,.,.,.,.,.,1,1,0,0,1,0,0,0,0,0
Georgia,12/1/2018,9/30/2019,1,1,1,.,1,0,0,0,0,0,0,0,0,0,0,0,1,0,0,0,0,0,1,1,1,1,0,0,0,0,1,0,0,1,0,0,0,.,.,.,.,.,.,1,1,0,0,1,0,0,0,0,0
Georgia,10/1/2019,12/31/2019,1,1,1,0,1,0,0,0,0,0,0,0,0,0,0,0,1,0,0,0,0,0,1,1,1,1,0,0,0,0,1,0,0,1,0,0,0,.,.,.,.,.,.,1,1,0,0,1,0,0,0,0,0
Georgia,1/1/2020,7/12/2020,1,1,1,0,1,0,1,0,0,0,0,0,0,0,0,0,0,0,0,0,0,0,1,1,1,1,1,1,0,0,1,0,0,1,0,0,0,.,.,.,.,.,.,1,1,0,0,1,0,0,0,0,0
Georgia,7/13/2020,7/19/2022,1,1,1,0,1,0,1,0,0,0,0,0,0,0,0,0,0,0,0,0,0,0,1,1,1,1,1,1,0,0,1,0,0,1,0,0,0,.,.,.,.,.,.,1,1,0,0,1,0,0,0,0,0
Georgia,7/20/2022,11/1/2022,1,1,1,0,1,0,1,0,0,0,0,0,0,0,0,0,0,0,0,0,0,0,1,1,1,1,1,1,0,0,1,0,0,1,0,0,0,.,.,.,.,.,.,1,1,0,0,1,0,0,0,0,0
Hawaii,12/1/2018,11/1/2022,0,.,.,.,.,.,.,.,.,.,.,.,.,.,.,.,.,.,.,.,.,.,.,.,.,.,.,.,.,.,.,.,.,.,.,.,.,.,.,.,.,.,.,.,.,.,.,.,.,.,.,.,.
Idaho,12/1/2018,6/30/2019,1,1,1,0,1,0,0,0,0,0,0,0,0,0,0,0,1,0,0,0,0,0,0,1,1,0,0,0,0,0,0,0,0,0,0,1,0,.,.,.,.,.,.,1,1,0,0,1,0,0,0,0,0
Idaho,7/1/2019,6/30/2020,1,1,1,0,1,0,0,0,0,0,0,0,0,0,0,0,1,0,0,0,0,0,0,1,1,0,0,0,0,0,0,0,0,0,0,1,0,.,.,.,.,.,.,1,1,0,0,1,0,0,0,0,0
Idaho,7/1/2020,6/30/2021,1,1,1,0,1,0,0,0,0,0,0,0,0,0,0,0,1,0,0,0,0,0,0,1,1,0,0,0,0,0,0,0,0,0,0,1,0,.,.,.,.,.,.,1,1,0,0,1,0,0,0,1,0
Idaho,7/1/2021,4/7/2022,1,1,1,0,1,0,0,0,0,0,0,0,0,0,0,0,1,0,0,0,0,0,0,1,1,0,0,0,0,0,0,0,0,0,0,1,0,.,.,.,.,.,.,1,1,0,0,1,0,0,0,1,0
Idaho,4/8/2022,4/21/2022,1,1,1,0,1,0,0,0,0,0,0,0,0,0,0,0,1,0,0,0,0,0,0,1,1,0,0,0,0,0,0,0,0,0,0,1,0,.,.,.,.,.,.,1,1,0,0,1,0,0,0,1,0
Idaho,4/22/2022,6/30/2022,1,1,1,0,1,0,1,0,0,0,0,0,0,0,0,0,1,0,0,0,0,0,1,1,1,0,1,1,0,1,1,0,1,0,0,0,0,.,.,.,.,.,.,1,1,0,0,1,0,0,0,1,0
Idaho,7/1/2022,8/11/2022,1,1,1,0,1,0,1,0,0,0,0,0,0,0,0,0,1,0,0,0,0,0,1,1,1,0,1,1,0,1,1,0,1,0,0,0,0,.,.,.,.,.,.,1,1,0,0,1,0,0,0,1,0
Idaho,8/12/2022,8/18/2022,1,1,1,0,1,0,1,0,0,0,0,0,0,0,0,0,1,0,0,0,0,0,1,1,1,0,1,1,0,1,1,0,1,0,0,0,0,.,.,.,.,.,.,1,1,0,0,1,0,0,0,1,0
Idaho,8/19/2022,8/23/2022,1,1,1,0,1,0,1,0,0,0,0,0,0,0,0,0,1,0,0,0,0,0,1,1,1,0,1,1,0,1,1,0,1,0,0,0,0,.,.,.,.,.,.,1,1,0,0,1,0,0,0,1,0
Idaho,8/24/2022,8/24/2022,1,1,1,0,1,0,1,0,0,0,0,0,0,0,0,0,1,0,0,0,0,0,1,1,1,0,1,1,0,1,1,0,1,0,0,0,0,.,.,.,.,.,.,1,1,0,0,1,0,0,0,1,0
Idaho,8/25/2022,11/1/2022,1,1,1,0,1,1,1,0,0,0,0,0,0,0,0,0,1,0,0,0,0,0,1,1,0,0,1,1,0,1,1,0,1,0,0,0,0,.,.,.,.,.,.,1,1,0,0,1,0,0,0,1,0
Illinois,12/1/2018,6/11/2019,1,1,1,0,1,0,0,0,0,0,0,0,0,0,0,0,0,0,0,0,1,0,0,1,0,0,0,0,1,0,1,0,0,0,1,0,1,0,1,0,0,0,0,1,1,0,0,1,0,0,0,0,0
Illinois,6/12/2019,11/1/2022,1,0,.,.,1,0,0,0,0,0,0,0,0,0,0,0,0,0,0,0,1,0,0,1,0,0,0,0,1,0,0,0,0,0,0,1,0,.,.,.,.,.,.,0,.,.,.,.,.,.,.,0,0
Indiana,12/1/2018,6/27/2019,1,1,1,0,1,0,0,0,0,0,0,0,0,0,0,0,1,0,0,0,1,0,0,1,1,0,0,0,0,1,1,0,0,0,1,0,1,1,1,1,0,1,0,1,1,0,0,1,0,0,0,0,0
Indiana,6/28/2019,6/30/2019,1,1,1,0,1,0,0,0,0,0,0,0,0,0,0,0,1,0,0,0,1,0,0,1,1,0,0,0,0,1,1,0,0,0,1,0,1,1,1,1,0,1,0,1,1,0,0,1,0,0,0,0,0
Indiana,7/1/2019,6/30/2021,1,1,1,0,1,0,0,0,0,0,0,0,0,0,0,0,1,0,0,0,1,0,0,1,1,0,0,0,0,1,1,0,0,0,1,0,1,1,1,1,0,1,0,1,1,1,0,1,1,0,0,0,0
Indiana,7/1/2021,7/6/2022,1,1,1,0,1,0,0,0,0,0,0,0,0,0,0,0,1,0,0,0,1,0,0,1,1,0,0,0,0,1,1,0,0,0,1,0,1,1,1,1,0,1,0,1,1,1,0,1,1,0,0,0,0
Indiana,7/7/2022,7/17/2022,1,1,1,0,1,0,0,0,0,0,0,0,0,0,0,0,1,0,0,0,1,0,0,1,1,0,0,0,0,1,1,0,0,0,1,0,1,1,1,1,0,1,0,1,1,1,0,1,1,0,0,0,0
Indiana,7/18/2022,9/14/2022,1,0,.,.,1,0,0,0,0,0,0,0,0,0,0,0,1,0,0,0,1,0,0,1,1,0,0,0,0,1,1,0,0,0,1,0,1,1,1,1,0,1,0,1,1,1,0,1,1,0,0,0,0
Indiana,9/15/2022,9/21/2022,1,0,.,.,1,1,0,0,0,0,0,0,0,0,0,0,0,0,0,0,0,0,0,1,1,1,1,1,0,1,0,0,0,0,1,0,1,1,1,1,0,1,0,1,1,1,0,1,1,0,0,0,0
Indiana,9/22/2022,11/1/2022,1,1,1,0,1,1,0,0,0,0,0,0,0,0,0,0,0,0,0,0,0,0,0,1,1,1,1,1,0,1,0,0,0,0,1,0,1,1,1,1,0,1,0,1,1,1,0,1,1,0,0,0,0
Iowa,12/1/2018,1/21/2019,1,1,1,0,1,0,1,0,0,0,0,0,0,0,0,0,1,0,0,0,0,0,1,1,1,1,1,1,0,0,0,0,0,0,0,1,0,.,.,.,.,.,.,1,1,0,0,1,0,0,0,0,0
Iowa,1/22/2019,6/30/2020,1,1,1,0,1,0,1,0,0,0,0,0,0,0,0,0,1,0,0,0,0,0,1,1,1,1,1,1,0,0,0,0,0,0,0,1,0,.,.,.,.,.,.,1,1,0,0,1,0,0,0,0,0
Iowa,7/1/2020,6/16/2022,1,1,1,0,1,0,1,0,0,0,0,0,0,0,0,0,1,0,0,0,0,0,1,1,1,1,1,1,0,0,0,0,0,0,0,1,0,.,.,.,.,.,.,1,1,0,0,1,0,0,0,0,0
Iowa,6/17/2022,11/1/2022,1,1,1,0,1,0,1,0,0,0,0,0,0,0,0,0,1,0,0,0,0,0,1,1,1,1,1,1,0,0,0,0,0,0,0,1,0,.,.,.,.,.,.,1,1,0,0,1,0,0,0,0,0
Kansas,12/1/2018,4/25/2019,1,1,1,0,1,0,0,0,0,0,0,0,0,0,0,0,1,0,0,0,1,0,0,1,1,0,0,0,0,0,0,0,1,0,0,0,1,0,1,0,0,0,0,1,1,1,0,1,1,0,0,0,0
Kansas,4/26/2019,4/6/2021,1,1,1,0,1,0,0,0,0,0,0,0,0,0,0,0,1,0,0,0,1,0,0,1,1,0,0,0,0,0,0,0,1,0,0,0,1,0,1,0,0,0,0,1,1,1,0,1,1,0,0,0,0
Kansas,4/7/2021,11/1/2022,1,1,1,0,1,0,0,0,0,0,0,0,0,0,0,0,1,0,0,0,1,0,0,1,1,0,0,0,0,0,0,0,1,0,0,0,1,0,1,0,0,0,0,1,1,1,0,1,1,0,0,0,0
Kentucky,12/1/2018,3/14/2019,1,1,1,0,1,0,0,0,0,0,0,0,0,0,0,0,1,0,0,0,1,0,0,1,1,0,0,0,0,1,1,0,1,0,1,0,0,.,.,.,.,.,.,1,1,1,1,1,1,0,0,0,0
Kentucky,3/15/2019,3/18/2019,1,1,1,0,1,0,1,0,0,0,0,0,0,0,0,0,1,0,0,0,1,0,0,1,1,0,0,0,0,1,1,0,1,0,1,0,0,.,.,.,.,.,.,1,1,1,1,1,1,0,0,0,0
Kentucky,3/19/2019,3/19/2019,1,1,1,0,1,0,1,0,0,0,0,0,0,0,0,0,1,0,0,0,1,0,0,1,1,0,0,0,0,1,1,0,1,0,1,0,1,1,1,1,0,1,0,1,1,1,1,1,1,0,0,0,0
Kentucky,3/20/2019,5/9/2019,1,1,1,0,1,0,1,0,0,0,0,0,0,0,0,0,1,0,0,0,1,0,0,1,1,0,0,0,0,1,1,0,1,0,1,0,1,1,1,1,0,1,0,1,1,1,1,1,1,0,0,0,0
Kentucky,5/10/2019,6/26/2019,1,1,1,0,1,0,1,0,0,0,0,0,0,0,0,0,1,0,0,0,1,0,0,1,1,0,0,0,0,1,1,0,1,0,1,0,1,1,1,1,0,1,0,1,1,1,1,1,1,0,0,0,0
Kentucky,6/27/2019,6/1/2020,1,1,1,0,1,0,1,0,0,0,0,0,0,0,0,0,1,0,0,0,1,0,0,1,1,0,0,0,0,1,1,0,1,0,1,0,1,1,1,1,0,1,0,1,1,1,1,1,1,0,0,1,0
Kentucky,6/2/2020,4/13/2022,1,1,1,0,1,0,1,0,0,0,0,0,0,0,0,0,1,0,0,0,1,0,0,1,1,0,0,0,0,1,1,0,1,0,1,0,1,1,1,1,0,1,0,1,1,1,1,1,1,0,0,1,0
Kentucky,4/14/2022,5/18/2022,1,1,1,0,1,0,1,0,0,0,0,0,1,0,0,0,1,0,0,0,1,0,0,1,1,0,0,0,0,1,1,0,1,0,1,0,1,1,1,1,0,1,0,1,1,1,1,1,1,0,0,1,0
Kentucky,5/19/2022,6/23/2022,1,1,1,0,1,0,1,0,0,0,0,0,1,0,0,0,1,0,0,0,1,0,0,1,1,0,0,0,0,1,1,0,1,0,1,0,1,1,1,1,0,1,0,1,1,1,1,1,1,0,0,1,0
Kentucky,6/24/2022,6/28/2022,1,1,1,0,1,1,1,0,0,0,0,0,1,0,0,0,1,0,0,0,1,0,0,1,1,0,0,0,0,1,1,0,1,0,1,0,1,1,1,1,0,1,0,1,1,1,1,1,1,0,0,1,0
Kentucky,6/29/2022,6/29/2022,1,1,1,0,1,1,1,0,0,0,0,0,1,0,0,0,1,0,0,0,1,0,0,1,1,0,0,0,0,1,1,0,1,0,1,0,1,1,1,1,0,1,0,1,1,1,1,1,1,0,0,1,0
Kentucky,6/30/2022,7/13/2022,1,1,1,0,1,1,1,0,0,0,0,0,1,0,0,0,1,0,0,0,1,0,0,1,1,0,0,0,0,1,1,0,1,0,1,0,1,1,1,1,0,1,0,1,1,1,1,1,1,0,0,1,0
Kentucky,7/14/2022,7/21/2022,1,1,1,0,1,1,1,0,0,0,0,0,1,0,0,0,1,0,0,0,1,0,0,1,1,0,0,0,0,1,1,0,1,0,1,0,1,1,1,1,0,1,0,1,1,1,1,1,1,0,0,1,0
Kentucky,7/22/2022,7/31/2022,1,1,1,0,1,1,1,0,0,0,0,0,1,0,0,0,1,0,0,0,1,0,0,1,1,0,0,0,0,1,1,0,1,0,1,0,1,1,1,1,0,1,0,1,1,1,1,1,1,0,0,1,0
Kentucky,8/1/2022,8/16/2022,1,1,1,0,1,1,1,0,0,0,0,0,1,0,0,0,1,0,0,0,1,0,0,1,1,0,0,0,0,1,1,0,1,0,1,0,1,1,1,1,0,1,0,1,1,1,1,1,1,0,0,1,0
Kentucky,8/17/2022,11/1/2022,1,1,1,0,1,1,1,0,0,0,0,0,1,0,0,0,1,0,0,0,1,0,0,1,1,0,0,0,0,1,1,0,1,0,1,0,1,1,1,1,0,1,0,1,1,1,1,1,1,0,0,1,0
Louisiana,12/1/2018,7/31/2019,1,1,1,0,1,0,0,0,0,0,0,0,0,0,0,0,1,0,0,0,1,0,0,1,1,1,0,0,0,0,1,0,0,0,1,0,1,0,0,1,1,1,0,1,1,1,0,1,1,0,0,1,0
Louisiana,8/1/2019,6/23/2022,1,1,1,0,1,0,0,0,0,0,0,0,0,0,0,0,1,0,0,0,1,0,0,1,1,1,0,0,0,0,1,0,0,0,1,0,1,0,0,1,1,1,0,1,1,1,0,1,1,0,0,1,0
Louisiana,6/24/2022,6/26/2022,1,1,1,0,1,1,1,0,0,0,0,0,0,0,0,0,1,0,0,0,1,0,0,1,1,1,0,0,0,0,1,0,0,0,0,0,1,0,0,1,1,1,0,1,1,1,0,1,1,0,0,1,0
Louisiana,6/27/2022,7/31/2022,1,1,1,0,1,1,1,0,0,0,0,0,0,0,0,0,1,0,0,0,1,0,0,1,1,1,0,0,0,0,1,0,0,0,1,0,1,0,0,1,1,1,0,1,1,1,0,1,1,0,0,1,0
Louisiana,8/1/2022,11/1/2022,1,0,.,.,1,1,1,0,0,0,0,0,0,0,0,0,1,0,0,0,1,0,0,1,1,1,0,0,0,0,1,0,0,0,1,0,1,0,0,1,1,1,0,1,1,1,0,1,1,0,0,1,0
Maine,12/1/2018,9/18/2019,1,0,.,.,1,0,0,0,0,0,0,0,0,0,0,0,0,0,0,0,1,0,0,1,0,0,0,0,1,0,0,0,0,0,0,1,0,.,.,.,.,.,.,0,.,.,.,.,.,.,.,0,.
Maine,9/19/2019,9/30/2022,1,0,.,.,1,0,0,0,0,0,0,0,0,0,0,0,0,0,0,0,1,0,0,1,0,0,0,0,1,0,0,0,0,0,0,1,0,.,.,.,.,.,.,0,.,.,.,.,.,.,.,0,0
Maine,10/1/2022,11/1/2022,1,0,.,.,1,0,0,0,0,0,0,0,0,0,0,0,0,0,0,0,1,0,0,1,0,0,0,0,1,0,0,0,0,0,0,1,0,.,.,.,.,.,.,0,.,.,.,.,.,.,.,0,0
Maryland,12/1/2018,6/30/2022,1,0,.,.,1,0,0,0,0,0,0,0,0,0,0,0,0,0,0,0,1,0,0,1,0,1,0,0,1,0,0,0,0,0,0,1,0,.,.,.,.,.,.,0,.,.,.,.,.,.,.,0,0
Maryland,7/1/2022,11/1/2022,1,0,.,.,1,0,0,0,0,0,0,0,0,0,0,0,0,0,0,0,1,0,0,1,0,1,0,0,1,0,0,0,0,0,0,1,0,.,.,.,.,.,.,0,.,.,.,.,.,.,.,0,0
Massachusetts,12/1/2018,12/28/2020,1,0,.,.,1,0,0,0,0,0,0,0,0,0,0,0,0,0,0,1,0,0,0,1,1,0,0,0,0,1,1,0,0,0,0,0,0,.,.,.,.,.,.,0,.,.,.,.,.,.,.,0,0
Massachusetts,12/29/2020,7/28/2022,1,0,.,.,1,0,0,0,0,0,0,0,0,0,0,0,0,0,0,1,0,0,0,1,1,1,0,0,0,1,1,0,0,0,0,0,0,.,.,.,.,.,.,0,.,.,.,.,.,.,.,0,0
Massachusetts,7/29/2022,11/1/2022,1,0,.,.,1,0,0,0,0,0,0,0,0,0,0,0,0,0,0,1,0,0,0,1,1,1,0,0,0,1,1,0,0,0,0,0,0,.,.,.,.,.,.,0,.,.,.,.,.,.,.,0,0
Michigan,12/1/2018,6/23/2022,1,1,1,0,0,.,.,.,.,.,.,.,.,.,.,.,.,.,.,.,.,.,.,.,.,.,.,.,.,.,.,.,.,.,.,.,0,.,.,.,.,.,.,1,1,0,0,1,0,0,0,0,1
Michigan,6/24/2022,9/6/2022,1,1,1,0,1,1,0,0,0,0,0,0,0,0,0,0,0,0,0,0,0,0,0,1,0,0,0,0,0,0,0,0,0,0,0,1,0,.,.,.,.,.,.,1,1,0,0,1,0,0,0,0,1
Michigan,9/7/2022,11/1/2022,1,1,1,0,1,1,0,0,0,0,0,0,0,0,0,0,0,0,0,0,0,0,0,1,0,0,0,0,0,0,0,0,0,0,0,1,0,.,.,.,.,.,.,1,1,0,0,1,0,0,0,0,1
Minnesota,12/1/2018,11/1/2022,1,1,1,0,1,0,0,0,0,0,0,0,0,0,0,0,0,0,0,0,1,0,0,1,0,0,0,0,1,1,1,0,0,0,1,0,0,.,.,.,.,.,.,0,.,.,.,.,.,.,.,0,0
Mississippi,12/1/2018,5/23/2019,1,1,1,0,1,0,0,0,0,0,0,0,1,0,1,0,0,0,0,0,0,0,0,1,1,1,0,0,0,0,0,0,0,0,0,1,0,.,.,.,.,.,.,1,1,1,0,1,1,0,0,1,1
Mississippi,5/24/2019,6/30/2019,1,1,1,0,1,0,0,0,0,0,0,0,1,0,1,0,0,0,0,0,0,0,0,1,1,1,0,0,0,0,1,0,0,0,0,0,0,.,.,.,.,.,.,1,1,1,0,1,1,0,0,1,1
Mississippi,7/1/2019,12/12/2019,1,1,1,0,1,0,1,0,0,0,0,0,1,0,1,0,0,0,0,0,0,0,0,1,1,1,0,0,0,0,1,0,0,0,0,0,0,.,.,.,.,.,.,1,1,1,0,1,1,0,0,1,1
Mississippi,12/13/2019,2/19/2020,1,1,1,0,1,0,1,0,0,0,0,0,1,0,1,0,0,0,0,0,0,0,0,1,1,1,0,0,0,0,1,0,0,0,0,0,0,.,.,.,.,.,.,1,1,1,0,1,1,0,0,1,1
Mississippi,2/20/2020,6/30/2020,1,1,1,0,1,0,1,0,0,0,0,0,1,0,1,0,0,0,0,0,0,0,0,1,1,1,0,0,0,0,1,0,0,0,0,0,0,.,.,.,.,.,.,1,1,1,0,1,1,0,0,1,1
Mississippi,7/1/2020,5/16/2021,1,1,1,0,1,0,1,0,0,0,0,0,1,0,1,0,0,0,0,0,0,0,0,1,1,1,0,0,0,0,1,0,0,0,0,0,1,1,1,0,1,0,0,1,1,1,0,1,1,0,0,1,1
Mississippi,5/17/2021,6/23/2022,1,1,1,0,1,0,1,0,0,0,0,0,1,0,1,0,0,0,0,0,0,0,0,1,1,1,0,0,0,0,1,0,0,0,0,0,1,1,1,0,1,0,0,1,1,1,0,1,1,0,0,1,1
Mississippi,6/24/2022,6/26/2022,1,1,1,0,1,0,1,0,0,0,0,0,1,0,1,0,0,0,0,0,0,0,0,1,1,1,0,0,0,0,1,0,0,0,0,0,0,.,.,.,.,.,.,1,1,1,0,1,1,0,0,1,1
Mississippi,6/27/2022,11/1/2022,1,1,1,0,1,1,1,0,0,0,0,0,1,0,1,0,0,0,0,0,0,0,0,1,1,1,1,0,0,0,1,0,0,0,0,0,0,.,.,.,.,.,.,1,1,1,0,1,1,0,0,1,1
Missouri,12/1/2018,8/26/2019,1,0,.,.,1,0,0,0,0,0,0,0,0,0,0,0,0,0,0,0,1,0,0,1,1,0,0,0,0,0,1,1,1,0,1,0,0,.,.,.,.,.,.,1,1,0,0,1,0,0,0,0,0
Missouri,8/27/2019,8/27/2019,1,0,.,.,1,0,0,0,0,0,0,0,0,0,0,0,0,0,0,0,1,0,0,1,1,0,0,0,0,0,1,1,1,0,1,0,0,.,.,.,.,.,.,1,1,0,0,1,0,0,0,0,0
Missouri,8/28/2019,9/26/2019,1,1,1,0,1,0,0,0,1,0,0,1,0,1,1,0,0,0,0,0,1,0,0,1,1,0,0,0,0,0,1,0,1,0,1,0,1,1,1,1,0,0,0,1,1,0,0,1,0,0,0,1,0
Missouri,9/27/2019,6/8/2021,1,1,1,0,1,0,0,0,1,0,0,1,0,1,1,0,0,0,0,0,1,0,0,1,1,0,0,0,0,0,1,0,1,0,1,0,1,1,1,1,0,0,0,1,1,0,0,1,0,0,0,1,0
Missouri,6/9/2021,7/12/2021,1,1,1,0,1,0,0,0,1,0,0,1,0,1,1,0,0,0,0,0,1,0,0,1,1,0,0,0,0,0,1,0,1,0,1,0,1,1,1,1,0,0,0,1,1,0,0,1,0,0,0,1,0
Missouri,7/13/2021,6/23/2022,1,0,0,0,1,0,0,0,1,0,0,1,0,1,1,0,0,0,0,0,1,0,0,1,1,0,0,0,0,0,1,0,1,0,1,0,1,1,1,1,0,0,0,1,1,0,0,1,0,0,0,1,0
Missouri,6/24/2022,11/1/2022,1,0,0,0,1,1,0,0,1,0,0,1,0,1,1,0,0,0,0,0,1,0,0,1,1,0,0,0,0,0,1,0,1,0,1,0,1,1,1,1,0,0,0,1,1,0,0,1,0,0,0,1,0
Montana,12/1/2018,9/30/2021,1,0,.,.,1,0,0,0,0,0,0,0,0,0,0,0,0,0,0,0,1,0,0,1,1,0,0,0,0,0,1,0,0,1,0,0,0,.,.,.,.,.,.,1,1,0,0,1,0,0,0,0,.
Montana,10/1/2021,10/6/2021,1,0,.,.,1,0,0,0,0,0,0,0,0,0,0,0,0,0,0,0,0,1,0,0,1,0,0,0,0,0,1,0,0,0,0,0,0,.,.,.,.,.,.,1,1,0,0,1,0,0,0,0,0
Montana,10/7/2021,8/8/2022,1,1,1,0,1,0,0,0,0,0,0,0,0,0,0,0,0,0,0,0,0,1,0,0,1,0,0,0,0,0,1,0,0,0,0,0,0,.,.,.,.,.,.,1,1,0,0,1,0,0,0,0,0
Montana,8/9/2022,11/1/2022,1,1,1,0,1,0,0,0,0,0,0,0,0,0,0,0,0,0,0,0,0,1,0,0,1,0,0,0,0,0,1,0,0,0,0,0,0,.,.,.,.,.,.,1,1,0,0,1,0,0,0,0,0
Nebraska,12/1/2018,11/13/2020,1,0,.,.,1,0,0,0,0,0,0,0,0,0,0,0,1,0,0,0,1,0,0,1,1,0,0,0,1,0,1,0,0,0,0,0,0,.,.,.,.,.,.,1,1,0,0,1,1,0,0,0,.
Nebraska,11/14/2020,11/1/2022,1,0,.,.,1,0,0,0,0,0,0,0,0,0,0,0,1,0,0,0,1,0,0,1,1,0,0,0,1,0,1,0,0,0,0,0,0,.,.,.,.,.,.,1,1,1,0,1,1,0,0,0,0
Nevada,12/1/2018,11/1/2022,1,0,.,.,1,0,0,0,0,0,0,0,0,0,0,0,0,0,0,0,1,0,0,1,0,0,0,0,1,1,0,0,0,0,0,0,0,.,.,.,.,.,.,0,.,.,.,.,.,.,.,0,0
New Hampshire,12/1/2018,12/31/2021,1,0,.,.,0,.,.,.,.,.,.,.,.,.,.,.,.,.,.,.,.,.,.,.,.,.,.,.,.,.,.,.,.,.,.,.,0,.,.,.,.,.,.,1,1,0,0,1,1,0,0,0,0
New Hampshire,1/1/2022,5/19/2022,1,0,.,.,1,0,0,0,0,0,0,0,0,0,0,0,0,0,1,0,0,0,0,1,1,0,0,0,1,0,0,0,0,0,0,1,0,.,.,.,.,.,.,1,1,0,0,1,1,0,0,0,0
New Hampshire,5/20/2022,5/26/2022,1,0,.,.,1,0,0,0,0,0,0,0,0,0,0,0,0,0,1,0,0,0,0,1,1,0,0,0,1,0,0,0,0,0,0,1,0,.,.,.,.,.,.,1,1,0,0,1,1,0,0,0,0
New Hampshire,5/27/2022,11/1/2022,1,0,.,.,1,0,0,0,0,0,0,0,0,0,0,0,0,0,1,0,0,0,0,1,1,1,0,0,1,0,0,0,0,0,0,1,0,.,.,.,.,.,.,1,1,0,0,1,1,0,0,0,0
New Jersey,12/1/2018,12/5/2021,1,1,1,0,0,.,.,.,.,.,.,.,.,.,.,.,.,.,.,.,.,.,.,.,.,.,.,.,.,.,.,.,.,.,.,.,0,.,.,.,.,.,.,1,1,0,0,1,1,0,0,0,0
New Jersey,12/6/2021,11/1/2022,1,1,1,0,0,.,.,.,.,.,.,.,.,.,.,.,.,.,.,.,.,.,.,.,.,.,.,.,.,.,.,.,.,.,.,.,0,.,.,.,.,.,.,1,1,0,0,1,1,0,0,0,0
New Mexico,12/1/2018,6/17/2021,1,1,1,0,0,.,.,.,.,.,.,.,.,.,.,.,.,.,.,.,.,.,.,.,.,.,.,.,.,.,.,.,.,.,.,.,0,.,.,.,.,.,.,1,1,0,0,1,1,0,0,0,1
New Mexico,6/18/2021,11/1/2022,1,0,.,.,0,.,.,.,.,.,.,.,.,.,.,.,.,.,.,.,.,.,.,.,.,.,.,.,.,.,.,.,.,.,.,.,0,.,.,.,.,.,.,1,1,0,0,1,1,0,0,0,0
New York,12/1/2018,1/21/2019,1,1,0,1,1,0,0,0,0,0,0,0,0,0,0,0,0,0,0,1,0,0,0,1,0,0,0,0,0,0,0,0,0,0,0,1,0,.,.,.,.,.,.,0,.,.,.,.,.,.,.,0,.
New York,1/22/2019,1/18/2022,1,0,.,.,1,0,0,0,0,0,0,0,0,0,0,0,0,0,0,1,1,0,0,1,0,0,0,0,1,0,0,0,0,0,0,1,0,.,.,.,.,.,.,0,.,.,.,.,.,.,.,0,0
New York,1/19/2022,11/1/2022,1,0,.,.,1,0,0,0,0,0,0,0,0,0,0,0,0,0,0,1,1,0,0,1,0,0,0,0,1,0,0,0,0,0,0,1,0,.,.,.,.,.,.,0,.,.,.,.,.,.,.,0,0
North Carolina,12/1/2018,3/24/2019,1,0,.,.,1,0,0,0,0,0,0,0,0,0,0,0,1,0,0,0,0,0,0,1,1,0,0,0,0,1,0,0,0,0,0,0,1,0,1,0,0,0,0,0,.,.,.,.,.,.,.,0,1
North Carolina,3/25/2019,11/1/2022,1,0,.,.,1,0,0,0,0,0,0,0,0,0,0,0,1,0,0,0,0,0,0,1,1,0,0,0,0,1,0,0,0,0,0,0,1,0,1,0,0,0,0,0,.,.,.,.,.,.,.,0,1
North Dakota,12/1/2018,7/31/2019,1,1,1,0,1,0,1,0,0,0,0,0,0,0,0,0,1,0,0,0,1,0,0,1,1,0,0,0,0,0,0,0,0,1,0,0,1,0,1,0,1,0,0,1,1,0,0,1,0,0,0,1,.
North Dakota,8/1/2019,7/26/2022,1,1,1,0,1,0,1,0,0,0,0,0,0,0,0,0,1,0,0,0,1,0,0,1,1,0,0,0,0,0,0,0,0,1,0,0,1,0,1,0,1,0,0,1,1,0,0,1,0,0,0,1,0
North Dakota,7/27/2022,7/27/2022,1,1,1,0,1,0,1,0,0,0,0,0,0,0,0,0,1,0,0,0,1,0,0,1,1,0,0,0,0,0,0,0,0,1,0,0,1,0,1,0,1,0,0,1,1,0,0,1,0,0,0,1,0
North Dakota,7/28/2022,8/24/2022,1,1,1,0,1,1,1,0,0,0,0,0,0,0,0,0,1,0,0,0,1,0,0,1,1,0,0,0,0,0,0,0,0,1,0,0,1,0,1,0,1,0,0,1,1,1,0,1,1,0,0,1,0
North Dakota,8/25/2022,8/31/2022,1,1,1,0,1,1,1,0,0,0,0,0,0,0,0,0,1,0,0,0,1,0,0,1,1,0,0,0,0,0,0,0,0,1,0,0,1,0,1,0,1,0,0,1,1,1,0,1,1,0,0,1,0
North Dakota,9/1/2022,10/30/2022,1,1,1,0,1,1,1,0,0,0,0,0,0,0,0,0,1,0,0,0,1,0,0,1,1,0,0,0,0,0,0,0,0,1,0,0,1,0,1,0,1,0,0,1,1,1,0,1,1,0,0,1,0
North Dakota,10/31/2022,11/1/2022,1,1,1,0,1,1,1,0,0,0,0,0,0,0,0,0,1,0,0,0,1,0,0,1,1,0,0,0,0,0,0,0,0,1,0,0,1,0,1,0,1,0,0,1,1,1,0,1,1,0,0,1,0
Ohio,12/1/2018,3/21/2019,1,1,1,0,1,0,0,0,0,0,0,0,0,0,0,0,1,0,0,0,1,0,0,1,1,0,0,0,0,1,1,0,1,0,1,0,1,0,0,1,0,0,0,1,1,0,0,1,1,0,0,0,0
Ohio,3/22/2019,4/17/2019,1,1,1,0,1,0,0,0,0,0,0,0,0,0,0,0,1,0,0,0,1,0,0,1,1,0,0,0,0,1,1,0,1,0,1,0,1,0,0,1,0,0,0,1,1,1,0,1,1,0,0,0,0
Ohio,4/18/2019,7/2/2019,1,1,1,0,1,0,0,0,0,0,0,0,0,0,0,0,1,0,0,0,1,0,0,1,1,0,0,0,0,1,1,0,1,0,1,0,1,0,0,1,0,0,0,1,1,1,0,1,1,0,0,0,0
Ohio,7/3/2019,7/10/2019,1,1,1,0,1,0,0,0,0,0,0,0,0,0,0,0,1,0,0,0,1,0,0,1,1,0,0,0,0,1,1,0,1,0,1,0,1,0,0,1,0,0,0,1,1,1,0,1,1,0,0,0,0
Ohio,7/11/2019,10/10/2019,1,1,1,0,1,0,1,0,0,0,0,0,0,0,0,0,1,0,0,0,1,0,0,1,1,0,0,0,0,1,1,0,1,0,1,0,1,0,0,1,0,0,0,1,1,1,0,1,1,0,0,0,0
Ohio,10/11/2019,4/12/2021,1,1,1,0,1,0,1,0,0,0,0,0,0,0,0,0,1,0,0,0,1,0,0,1,1,0,0,0,0,1,1,0,1,0,1,0,1,0,0,1,0,0,0,1,1,1,0,1,1,0,0,0,0
Ohio,4/13/2021,6/23/2022,1,1,1,0,1,0,1,0,0,0,0,0,0,0,0,0,1,0,0,0,1,0,0,1,1,0,0,0,0,1,1,0,1,0,1,0,1,0,0,1,0,0,0,1,1,1,0,1,1,0,0,0,0
Ohio,6/24/2022,9/13/2022,1,0,.,.,1,0,1,0,0,0,0,0,0,0,0,0,1,0,0,0,1,0,0,1,1,0,0,0,0,1,1,0,1,0,1,0,1,0,0,1,0,0,0,1,1,1,0,1,1,0,0,0,0
Ohio,9/14/2022,10/11/2022,1,1,1,0,1,0,1,0,0,0,0,0,0,0,0,0,1,0,0,0,1,0,0,1,1,0,0,0,0,1,1,0,1,0,1,0,1,0,0,1,0,0,0,1,1,1,0,1,1,0,0,0,0
Ohio,10/12/2022,11/1/2022,1,1,1,0,1,0,1,0,0,0,0,0,0,0,0,0,1,0,0,0,1,0,0,1,1,0,0,0,0,1,1,0,1,0,1,0,1,0,0,1,0,0,0,1,1,1,0,1,1,0,0,0,0
Oklahoma,12/1/2018,11/3/2019,1,1,1,0,1,0,0,0,0,0,0,0,0,0,0,0,1,0,0,0,1,0,0,1,1,0,0,0,1,0,1,0,0,0,1,0,1,0,1,0,0,0,0,1,1,1,0,1,1,0,0,0,1
Oklahoma,11/4/2019,10/3/2021,1,1,1,0,1,0,0,0,0,0,0,0,0,0,0,0,1,0,0,0,1,0,0,1,1,0,0,0,1,0,1,0,0,0,1,0,1,0,1,0,0,0,0,1,1,1,0,1,1,0,0,0,1
Oklahoma,10/4/2021,10/24/2021,1,1,1,0,1,0,0,0,0,0,0,0,0,0,0,0,1,0,0,0,1,0,0,1,1,0,0,0,1,0,1,0,0,0,1,0,1,0,1,0,0,0,0,1,1,1,0,1,1,0,0,0,1
Oklahoma,10/25/2021,10/31/2021,1,1,1,0,1,0,0,0,0,0,0,0,0,0,0,0,1,0,0,0,1,0,0,1,1,0,0,0,1,0,1,0,0,0,1,0,1,0,1,0,0,0,0,1,1,1,0,1,1,0,0,0,1
Oklahoma,11/1/2021,5/2/2022,1,1,1,0,1,1,1,0,0,0,0,0,0,0,0,0,1,0,0,0,1,0,0,1,1,0,0,0,1,0,1,0,0,0,1,0,1,0,1,0,0,0,0,1,1,1,0,1,1,0,0,0,1
Oklahoma,5/3/2022,5/24/2022,1,1,1,0,1,1,1,0,0,0,0,0,0,0,0,0,1,0,0,0,1,0,0,1,1,0,0,0,1,0,1,0,0,0,1,0,1,0,1,0,0,0,0,1,1,1,0,1,1,0,0,0,1
Oklahoma,5/25/2022,6/23/2022,1,1,1,0,1,1,1,0,0,0,0,0,0,0,0,0,1,0,0,0,1,0,0,1,1,0,1,1,1,0,1,0,0,0,1,0,1,0,1,0,0,0,0,1,1,1,0,1,1,0,0,0,1
Oklahoma,6/24/2022,8/25/2022,1,1,1,0,1,1,1,0,0,0,0,0,0,0,0,0,1,0,0,0,1,0,0,1,1,0,1,1,1,0,1,0,0,0,1,0,1,0,1,0,0,0,0,1,1,1,0,1,1,0,0,0,1
Oklahoma,8/26/2022,11/1/2022,1,1,1,0,1,1,1,0,0,0,0,0,0,0,0,0,1,0,0,0,1,0,0,1,1,0,1,1,1,0,1,0,0,0,1,0,1,0,1,0,0,0,0,1,1,1,0,1,1,0,0,0,1
Oregon,12/1/2018,11/1/2022,0,.,.,.,.,.,.,.,.,.,.,.,.,.,.,.,.,.,.,.,.,.,.,.,.,.,.,.,.,.,.,.,.,.,.,.,.,.,.,.,.,.,.,.,.,.,.,.,.,.,.,.,.
Pennsylvania,12/1/2018,11/1/2022,1,0,.,.,1,0,0,0,0,0,0,0,0,0,0,0,0,0,0,1,1,0,0,1,1,0,0,0,1,1,1,0,1,0,1,0,1,0,1,0,0,0,0,0,.,.,.,.,.,.,.,0,0
Rhode Island,12/1/2018,6/18/2019,1,1,1,0,1,0,0,0,0,0,0,0,0,0,0,0,0,0,0,0,1,0,1,1,0,0,0,0,1,0,0,0,0,0,0,1,0,.,.,.,.,.,.,1,1,0,0,1,0,0,0,0,0
Rhode Island,6/19/2019,1/3/2022,1,0,.,.,1,0,0,0,0,0,0,0,0,0,0,0,0,0,0,0,0,0,1,1,0,0,0,0,1,0,0,0,0,0,0,1,0,.,.,.,.,.,.,0,.,.,.,.,.,.,.,0,0
Rhode Island,1/4/2022,11/1/2022,1,0,.,.,1,0,0,0,0,0,0,0,0,0,0,0,0,0,0,0,0,0,1,1,0,0,0,0,1,0,0,0,0,0,0,1,0,.,.,.,.,.,.,0,.,.,.,.,.,.,.,0,0
South Carolina,12/1/2018,2/17/2021,1,0,.,.,1,0,0,0,0,0,0,0,0,0,0,0,1,0,0,0,0,0,0,1,1,1,0,0,0,1,1,0,1,0,0,0,0,.,.,.,.,.,.,1,1,0,0,1,1,0,0,0,0
South Carolina,2/18/2021,2/18/2021,1,0,.,.,1,0,1,0,0,0,0,0,0,0,0,0,1,0,0,0,0,0,0,1,1,1,1,1,0,1,1,0,1,0,0,0,0,.,.,.,.,.,.,1,1,0,0,1,1,0,0,0,0
South Carolina,2/19/2021,3/18/2021,1,1,1,0,1,0,1,0,0,0,0,0,0,0,0,0,1,0,0,0,0,0,0,1,1,1,1,1,0,1,1,0,1,0,0,0,0,.,.,.,.,.,.,1,1,0,0,1,1,0,0,0,0
South Carolina,3/19/2021,2/21/2022,1,1,1,0,1,0,1,0,0,0,0,0,0,0,0,0,1,0,0,0,0,0,0,1,1,1,1,1,0,1,1,0,1,0,0,0,0,.,.,.,.,.,.,1,1,0,0,1,1,0,0,0,0
South Carolina,2/22/2022,6/23/2022,1,1,1,0,1,0,1,0,0,0,0,0,0,0,0,0,1,0,0,0,0,0,0,1,1,1,1,1,0,1,1,0,1,0,0,0,0,.,.,.,.,.,.,1,1,0,0,1,1,0,0,0,0
South Carolina,6/24/2022,6/26/2022,1,1,1,0,1,0,1,0,0,0,0,0,0,0,0,0,1,0,0,0,0,0,0,1,1,1,1,1,0,1,1,0,1,0,0,0,0,.,.,.,.,.,.,1,1,0,0,1,1,0,0,0,0
South Carolina,6/27/2022,7/20/2022,1,0,.,.,1,0,1,0,0,0,0,0,0,0,0,0,1,0,0,0,0,0,0,1,1,1,1,1,0,1,1,0,1,0,0,0,0,.,.,.,.,.,.,1,1,0,0,1,1,0,0,0,0
South Carolina,7/21/2022,7/21/2022,1,0,.,.,1,0,1,0,0,0,0,0,0,0,0,0,1,0,0,0,0,0,0,1,1,1,1,1,0,1,1,0,1,0,0,0,0,.,.,.,.,.,.,1,1,0,0,1,1,0,0,0,0
South Carolina,7/22/2022,7/25/2022,1,0,.,.,1,0,1,0,0,0,0,0,0,0,0,0,1,0,0,0,0,0,0,1,1,1,1,1,0,1,1,0,1,0,0,0,0,.,.,.,.,.,.,1,1,0,0,1,1,0,0,0,0
South Carolina,7/26/2022,8/16/2022,1,0,.,.,1,0,1,0,0,0,0,0,0,0,0,0,1,0,0,0,0,0,0,1,1,1,1,1,0,1,1,0,1,0,0,0,0,.,.,.,.,.,.,1,1,0,0,1,1,0,0,0,0
South Carolina,8/17/2022,11/1/2022,1,1,1,0,1,0,1,0,0,0,0,0,0,0,0,0,1,0,0,0,0,0,0,1,1,1,1,1,0,1,1,0,1,0,0,0,0,.,.,.,.,.,.,1,1,0,0,1,1,0,0,0,0
South Dakota,12/1/2018,6/30/2021,1,0,.,.,1,0,0,0,0,0,0,0,0,0,0,0,0,0,0,0,0,1,0,1,1,0,0,0,0,0,1,0,0,0,0,0,1,0,1,0,0,0,0,1,1,0,0,1,0,0,0,1,0
South Dakota,7/1/2021,6/23/2022,1,0,.,.,1,0,0,0,0,0,0,0,0,0,0,0,0,0,0,0,0,1,0,1,1,0,0,0,0,0,1,0,0,0,0,0,1,0,1,1,0,0,0,1,1,0,0,1,0,0,0,1,0
South Dakota,6/24/2022,11/1/2022,1,0,.,.,1,1,0,0,0,0,0,0,0,0,0,0,0,0,1,0,0,1,0,1,1,0,0,0,0,0,1,0,0,0,0,0,1,0,1,1,0,0,0,1,1,0,0,1,0,0,0,1,0
Tennessee,12/1/2018,6/30/2019,1,0,.,.,1,0,0,0,0,0,0,0,0,0,1,0,0,0,0,0,1,0,0,1,1,0,0,0,0,0,0,0,0,0,0,1,0,.,.,.,.,.,.,1,1,0,0,1,0,0,0,0,0
Tennessee,7/1/2019,7/12/2020,1,0,.,.,1,0,0,0,0,0,0,0,0,0,1,0,0,0,0,0,1,0,0,1,1,0,0,0,0,0,1,0,0,0,0,0,0,.,.,.,.,.,.,1,1,0,0,1,0,0,0,1,0
Tennessee,7/13/2020,7/23/2020,1,1,1,0,1,0,1,1,1,1,1,0,1,1,1,1,1,1,1,0,1,0,0,1,1,0,0,0,0,0,1,0,0,0,0,0,1,1,1,1,0,0,0,1,1,0,0,1,0,0,0,1,0
Tennessee,7/24/2020,11/19/2020,1,1,1,0,1,0,1,1,1,1,1,0,1,1,1,1,1,1,1,0,1,0,0,1,1,0,0,0,0,0,1,0,0,0,0,0,1,1,1,1,0,0,0,1,1,0,0,1,0,0,0,1,0
Tennessee,11/20/2020,2/1/2022,1,1,1,0,1,0,1,1,1,1,1,0,1,1,1,1,1,1,1,0,1,0,0,1,1,0,0,0,0,0,1,0,0,0,0,0,1,1,1,1,0,0,0,1,1,0,0,1,0,0,0,1,0
Tennessee,2/2/2022,6/27/2022,1,1,1,0,1,0,1,1,1,1,1,0,1,1,1,1,1,1,1,0,1,0,0,1,1,0,0,0,0,0,1,0,0,0,0,0,1,1,1,1,0,0,0,1,1,0,0,1,0,0,0,1,0
Tennessee,6/28/2022,7/27/2022,1,0,.,.,1,0,1,1,1,1,1,0,1,1,1,1,1,1,1,0,1,0,0,1,1,0,0,0,0,0,1,0,0,0,0,0,1,1,1,1,0,0,0,1,1,0,0,1,0,0,0,1,0
Tennessee,7/28/2022,8/24/2022,1,0,.,.,1,0,1,1,1,1,1,0,1,1,1,1,1,1,1,0,1,0,0,1,1,0,0,0,0,0,1,0,0,0,0,0,1,1,1,1,0,0,0,1,1,0,0,1,0,0,0,1,0
Tennessee,8/25/2022,11/1/2022,1,0,.,.,1,1,1,1,1,1,1,0,1,1,1,1,1,1,1,0,1,0,0,1,1,0,0,0,0,0,1,0,0,0,0,0,1,1,1,1,0,0,0,1,1,0,0,1,0,0,0,1,0
Texas,12/1/2018,8/31/2020,1,0,.,.,1,0,0,0,0,0,0,0,0,0,0,0,1,0,0,0,0,0,1,1,1,1,0,0,0,0,1,0,0,0,0,0,0,.,.,.,.,.,.,1,1,1,0,1,1,0,0,0,0
Texas,9/1/2020,10/12/2020,1,0,.,.,1,0,0,0,0,0,0,0,0,0,0,0,1,0,0,0,0,0,1,1,1,1,0,0,0,0,1,0,0,0,0,0,0,.,.,.,.,.,.,1,1,1,0,1,1,0,0,0,0
Texas,10/13/2020,10/29/2020,1,0,.,.,1,0,0,0,0,0,0,0,0,0,0,0,1,0,0,0,0,0,1,1,1,1,0,0,0,0,1,0,0,0,0,0,0,.,.,.,.,.,.,1,1,1,0,1,1,0,0,0,0
Texas,10/30/2020,8/31/2021,1,0,.,.,1,0,0,0,0,0,0,0,0,0,0,0,1,0,0,0,0,0,1,1,1,1,0,0,0,0,1,0,0,0,0,0,0,.,.,.,.,.,.,1,1,1,0,1,1,0,0,0,0
Texas,9/1/2021,1/11/2022,1,0,.,.,1,0,1,0,0,0,0,0,0,0,0,0,1,0,0,0,0,0,1,1,1,1,0,0,0,0,1,0,0,0,0,0,0,.,.,.,.,.,.,1,1,1,0,1,1,0,0,1,0
Texas,1/12/2022,5/17/2022,1,1,1,0,1,0,1,0,0,0,0,0,0,0,0,0,1,0,0,0,0,0,1,1,1,1,0,0,0,0,1,0,0,0,0,0,0,.,.,.,.,.,.,1,1,1,0,1,1,0,0,1,0
Texas,5/18/2022,6/23/2022,1,1,1,0,1,0,1,0,0,0,0,0,0,0,0,0,1,0,0,0,0,0,1,1,1,1,0,0,0,0,1,0,0,0,0,0,0,.,.,.,.,.,.,1,1,1,0,1,1,0,0,1,0
Texas,6/24/2022,6/26/2022,1,1,1,0,1,0,1,0,0,0,0,0,0,0,0,0,1,0,0,0,0,0,1,1,1,1,0,0,0,0,1,0,0,0,0,0,0,.,.,.,.,.,.,1,1,1,0,1,1,0,0,1,0
Texas,6/27/2022,6/27/2022,1,0,.,0,1,0,1,0,0,0,0,0,0,0,0,0,1,0,0,0,0,0,1,1,1,1,0,0,0,0,1,0,0,0,0,0,0,.,.,.,.,.,.,1,1,1,0,1,1,0,0,1,0
Texas,6/28/2022,6/30/2022,1,0,.,.,1,0,1,0,0,0,0,0,0,0,0,0,1,0,0,0,0,0,1,1,1,1,0,0,0,0,1,0,0,0,0,0,0,.,.,.,.,.,.,1,1,1,0,1,1,0,0,1,0
Texas,7/1/2022,8/22/2022,1,0,.,0,1,0,1,0,0,0,0,0,0,0,0,0,1,0,0,0,0,0,1,1,1,1,0,0,0,0,1,0,0,0,0,0,0,.,.,.,.,.,.,1,1,1,0,1,1,0,0,1,0
Texas,8/23/2022,8/24/2022,1,0,.,.,1,0,1,0,0,0,0,0,0,0,0,0,1,0,0,0,0,0,1,1,1,1,0,0,0,0,1,0,0,0,0,0,0,.,.,.,.,.,.,1,1,1,0,1,1,0,0,1,0
Texas,8/25/2022,8/28/2022,1,0,.,0,1,1,1,0,0,0,0,0,0,0,0,0,1,0,0,0,0,0,1,1,1,1,0,0,0,0,1,0,0,0,0,0,0,.,.,.,.,.,.,1,1,1,0,1,1,0,0,1,0
Texas,8/29/2022,11/1/2022,1,0,.,0,1,1,1,0,0,0,0,0,0,0,0,0,1,0,0,0,0,0,1,1,1,1,0,0,0,0,1,0,0,0,0,0,0,.,.,.,.,.,.,1,1,1,0,1,1,0,0,1,0
Utah,12/1/2018,4/17/2019,1,0,.,.,1,0,0,0,0,0,0,0,0,0,0,0,0,0,0,0,1,0,0,1,1,1,1,1,0,0,0,0,1,0,0,0,0,.,.,.,.,.,.,1,1,0,1,1,1,0,0,0,0
Utah,4/18/2019,5/13/2019,1,0,.,.,1,0,0,0,0,0,0,0,0,0,0,0,0,0,0,0,1,0,0,1,1,1,1,1,0,0,0,0,1,0,0,0,0,.,.,.,.,.,.,1,1,0,1,1,1,0,0,0,0
Utah,5/14/2019,5/11/2020,1,1,1,0,1,0,0,0,0,0,0,0,0,1,0,0,0,0,0,0,1,0,0,1,1,1,1,1,0,0,0,0,1,0,0,0,0,.,.,.,.,.,.,1,1,0,1,1,1,0,0,1,0
Utah,5/12/2020,8/31/2021,1,1,1,0,1,0,0,0,0,0,0,0,0,1,0,0,0,0,0,0,1,0,0,1,1,1,1,1,0,0,0,0,1,0,0,0,0,.,.,.,.,.,.,1,1,0,1,1,1,0,0,1,0
Utah,9/1/2021,6/23/2022,1,1,1,0,1,0,0,0,0,0,0,0,0,1,0,0,0,0,0,0,1,0,0,1,1,1,1,1,0,0,0,0,1,0,0,0,0,.,.,.,.,.,.,1,1,0,1,1,1,0,0,1,0
Utah,6/24/2022,6/26/2022,1,1,1,0,1,1,0,0,0,0,0,0,0,1,0,0,0,0,0,0,1,0,0,1,1,1,1,1,0,0,0,0,1,0,0,0,1,0,0,1,0,0,0,1,1,0,1,1,1,0,0,1,0
Utah,6/27/2022,7/10/2022,1,1,1,0,1,1,0,0,0,0,0,0,0,1,0,0,0,0,0,0,1,0,0,1,1,1,1,1,0,0,0,0,1,0,0,0,1,0,0,1,0,0,0,1,1,0,1,1,1,0,0,1,0
Utah,7/11/2022,8/31/2022,1,1,1,0,1,1,0,0,0,0,0,0,0,1,0,0,0,0,0,0,1,0,0,1,1,1,1,1,0,0,0,0,1,0,0,0,1,0,0,1,0,0,0,1,1,0,1,1,1,0,0,1,0
Utah,9/1/2022,11/1/2022,1,1,1,0,1,1,0,0,0,0,0,0,0,1,0,0,0,0,0,0,1,0,0,1,1,1,1,1,0,0,0,0,1,0,0,0,1,0,0,1,0,0,0,1,1,0,1,1,1,0,0,1,0
Vermont,12/1/2018,11/1/2022,0,.,.,.,.,.,.,.,.,.,.,.,.,.,.,.,.,.,.,.,.,.,.,.,.,.,.,.,.,.,.,.,.,.,.,.,.,.,.,.,.,.,.,.,.,.,.,.,.,.,.,.,.
Virginia,12/1/2018,6/30/2020,1,0,.,.,1,0,0,0,0,0,0,0,0,0,0,0,0,0,0,0,0,0,1,1,1,0,0,0,0,1,1,0,0,1,0,0,0,.,.,.,.,.,.,1,1,0,0,1,1,0,0,0,0
Virginia,7/1/2020,11/1/2022,1,0,.,.,1,0,0,0,0,0,0,0,0,0,0,0,0,0,0,0,0,0,1,1,1,0,0,0,0,1,1,0,0,1,0,0,0,.,.,.,.,.,.,1,1,0,0,1,1,0,0,0,0
Washington,12/1/2018,6/8/2022,1,0,.,.,1,0,0,0,0,0,0,0,0,0,0,0,0,0,0,0,1,0,0,1,1,0,0,0,0,0,0,0,0,0,0,1,0,.,.,.,.,.,.,0,.,.,.,.,.,.,.,0,0
Washington,6/9/2022,11/1/2022,1,0,.,.,1,0,0,0,0,0,0,0,0,0,0,0,0,0,0,0,1,0,0,1,1,0,0,0,0,0,0,0,0,0,0,1,0,.,.,.,.,.,.,0,.,.,.,.,.,.,.,0,0
West Virginia,12/1/2018,6/9/2022,1,1,1,0,1,0,0,0,0,0,0,0,0,0,0,0,1,0,0,0,0,0,0,1,1,0,0,0,0,0,1,0,0,0,0,0,0,.,.,.,.,.,.,1,1,1,0,1,1,1,0,0,1
West Virginia,6/10/2022,7/17/2022,1,1,1,0,1,0,0,0,0,0,0,0,0,0,0,0,1,0,0,0,0,0,0,1,1,0,0,0,0,0,1,0,0,0,0,0,1,0,0,0,0,1,0,1,1,1,0,1,1,1,0,0,1
West Virginia,7/18/2022,7/19/2022,1,1,1,0,1,0,0,0,0,0,0,0,0,0,0,0,1,0,0,0,0,0,0,1,1,0,0,0,0,0,1,0,0,0,0,0,1,0,0,0,0,1,0,1,1,1,0,1,1,1,0,0,1
West Virginia,7/20/2022,9/12/2022,1,1,1,0,1,0,0,0,0,0,0,0,0,0,0,0,1,0,0,0,0,0,0,1,1,0,0,0,0,0,1,0,0,0,0,0,1,0,0,0,0,1,0,1,1,1,0,1,1,1,0,0,1
West Virginia,9/13/2022,11/1/2022,1,1,1,0,1,1,0,0,0,0,0,0,0,0,0,0,1,0,0,0,0,0,0,1,1,1,1,1,0,0,1,0,0,0,0,0,1,0,0,0,0,1,0,1,1,1,0,1,1,1,0,0,1
Wisconsin,12/1/2018,6/23/2022,1,1,1,0,1,0,0,0,0,0,0,0,0,0,0,0,1,0,0,0,1,0,0,1,1,0,0,0,0,0,1,0,0,0,0,0,0,.,.,.,.,.,.,1,1,0,0,1,0,0,0,0,1
Wisconsin,6/24/2022,11/1/2022,1,1,1,0,1,1,0,0,0,0,0,0,0,0,0,0,1,0,0,0,1,0,0,1,1,0,0,0,0,0,1,0,0,0,0,0,0,.,.,.,.,.,.,1,1,0,0,1,0,0,0,0,1
Wyoming,12/1/2018,6/30/2021,1,0,.,.,1,0,0,0,0,0,0,0,0,0,0,0,0,0,0,0,1,0,0,1,1,0,0,0,0,0,1,0,0,0,0,0,0,.,.,.,.,.,.,0,.,.,.,.,.,.,.,0,0
Wyoming,7/1/2021,3/14/2022,1,0,.,.,1,0,0,0,0,0,0,0,0,0,0,0,0,0,0,0,1,0,0,1,1,0,0,0,0,0,1,0,0,0,0,0,0,.,.,.,.,.,.,0,.,.,.,.,.,.,.,0,0
Wyoming,3/15/2022,7/26/2022,1,0,.,.,1,0,0,0,0,0,0,0,0,0,0,0,0,0,0,0,1,0,0,1,1,0,0,0,0,0,1,0,0,0,0,0,0,.,.,.,.,.,.,0,.,.,.,.,.,.,.,0,0
Wyoming,7/27/2022,7/27/2022,1,1,1,0,1,1,0,0,0,0,0,0,0,0,0,0,0,0,0,0,1,0,0,1,1,0,1,1,0,0,1,0,0,0,0,0,0,.,.,.,.,.,.,0,.,.,.,.,.,.,.,1,0
Wyoming,7/28/2022,8/9/2022,1,1,1,0,1,1,0,0,0,0,0,0,0,0,0,0,0,0,0,0,1,0,0,1,1,0,1,1,0,0,1,0,0,0,0,0,0,.,.,.,.,.,.,0,.,.,.,.,.,.,.,1,0
Wyoming,8/10/2022,11/1/2022,1,1,1,0,1,1,0,0,0,0,0,0,0,0,0,0,0,0,0,0,1,0,0,1,1,0,1,1,0,0,1,0,0,0,0,0,0,.,.,.,.,.,.,0,.,.,.,.,.,.,.,1,0